session_id,app_user_code,phase,text_id,question_step_count,scored_question_count,quiz_status,correct_answers,percent_correct,question_event_count,question_assigned_event_count,question_assigned_event_percent,question_interval_sum_ms,text_step_event_count
S001,U015,P1,T12,3,3,complete,3,100.0,825,499,60.484848,153770,0
S001,U015,P1,T15,3,3,complete,3,100.0,1196,596,49.832776,208633,0
S001,U015,P1,T18,3,3,complete,1,33.333333,648,395,60.95679,95099,0
S001,U015,P1,T20,3,3,complete,3,100.0,652,333,51.07362,65189,0
S001,U015,P1,T24,3,3,complete,2,66.666667,484,206,42.561983,45652,0
S001,U015,P1,T27,3,3,complete,2,66.666667,518,249,48.069498,49911,0
S001,U015,P1,T28,3,3,complete,3,100.0,193,96,49.740933,19037,0
S001,U015,P1,T30,3,3,complete,3,100.0,378,144,38.095238,37425,0
S001,U015,P1,T37,3,3,complete,3,100.0,359,100,27.855153,35524,0
S001,U015,P1,T41,3,3,complete,3,100.0,285,107,37.54386,28121,0
S002,U015,P2,T2,3,3,complete,2,66.666667,726,366,50.413223,108495,0
S002,U015,P2,T5,3,3,complete,1,33.333333,277,152,54.873646,41627,0
S002,U015,P2,T17,3,3,complete,2,66.666667,194,63,32.474227,29129,0
S002,U015,P2,T26,3,3,complete,3,100.0,179,54,30.167598,20086,0
S002,U015,P2,T33,3,3,complete,3,100.0,345,180,52.173913,39328,0
S002,U015,P2,T42,3,3,complete,1,33.333333,401,191,47.630923,37970,0
S002,U015,P2,T45,3,3,complete,3,100.0,316,127,40.189873,30532,0
S002,U015,P2,T47,3,3,complete,2,66.666667,113,48,42.477876,11364,0
S002,U015,P2,T48,3,3,complete,2,66.666667,73,35,47.945205,7557,0
S002,U015,P2,T49,3,3,complete,3,100.0,177,64,36.158192,16987,0
S003,U010,P3B,T3,3,3,complete,3,100.0,171,21,12.280702,18685,0
S003,U010,P3B,T4,3,3,complete,3,100.0,194,39,20.103093,24332,141
S003,U010,P3B,T9,3,3,complete,3,100.0,176,53,30.113636,16815,94
S003,U010,P3B,T10,3,3,complete,3,100.0,129,34,26.356589,9866,87
S003,U010,P3B,T19,3,3,complete,3,100.0,141,24,17.021277,10896,133
S003,U010,P3B,T29,3,3,complete,3,100.0,81,19,23.45679,5359,74
S003,U010,P3B,T31,3,3,complete,3,100.0,119,28,23.529412,7781,85
S003,U010,P3B,T32,3,3,complete,3,100.0,113,29,25.663717,7330,87
S003,U010,P3B,T46,3,3,complete,3,100.0,165,38,23.030303,10704,156
S003,U010,P3B,T50,3,3,complete,3,100.0,105,24,22.857143,6793,128
S004,U016,P2,T2,3,1,partial,,,8,8,100.0,813,0
S004,U016,P2,T5,3,0,unscored,,,1,0,0.0,83,0
S004,U016,P2,T17,3,0,unscored,,,2,0,0.0,154,0
S004,U016,P2,T26,3,0,unscored,,,1,0,0.0,106,0
S004,U016,P2,T33,3,0,unscored,,,1,0,0.0,122,0
S004,U016,P2,T42,3,0,unscored,,,1,0,0.0,67,0
S004,U016,P2,T45,3,0,unscored,,,1,0,0.0,104,0
S004,U016,P2,T47,3,0,unscored,,,2,0,0.0,135,0
S004,U016,P2,T48,3,0,unscored,,,2,0,0.0,145,0
S004,U016,P2,T49,3,0,unscored,,,2,0,0.0,152,0
S005,U008,P1,T12,3,2,partial,,,124,100,80.645161,22566,0
S005,U008,P1,T15,3,2,partial,,,223,86,38.565022,50167,0
S005,U008,P1,T18,3,2,partial,,,20,6,30.0,1927,0
S005,U008,P1,T20,3,3,complete,0,0.0,61,37,60.655738,6244,0
S005,U008,P1,T24,3,3,complete,0,0.0,16,11,68.75,1944,0
S005,U008,P1,T27,3,3,complete,1,33.333333,48,20,41.666667,4169,0
S005,U008,P1,T28,3,3,complete,0,0.0,54,29,53.703704,4811,0
S005,U008,P1,T30,3,3,complete,0,0.0,55,31,56.363636,5229,0
S005,U008,P1,T37,3,3,complete,1,33.333333,49,21,42.857143,4626,0
S005,U008,P1,T41,3,3,complete,1,33.333333,47,19,40.425532,4171,0
S006,U006,P2,T2,3,3,complete,2,66.666667,279,115,41.218638,19828,0
S006,U006,P2,T5,3,3,complete,3,100.0,267,162,60.674157,20436,0
S006,U006,P2,T17,3,3,complete,3,100.0,164,89,54.268293,13084,0
S006,U006,P2,T26,3,3,complete,3,100.0,0,0,,0,0
S006,U006,P2,T33,3,3,complete,3,100.0,0,0,,0,0
S006,U006,P2,T42,3,3,complete,3,100.0,0,0,,0,0
S006,U006,P2,T45,3,3,complete,3,100.0,0,0,,0,0
S006,U006,P2,T47,3,3,complete,3,100.0,0,0,,0,0
S006,U006,P2,T48,3,3,complete,3,100.0,0,0,,0,0
S006,U006,P2,T49,3,3,complete,3,100.0,0,0,,0,0
S007,U024,P1,T12,3,2,partial,,,555,197,35.495495,51569,0
S007,U024,P1,T15,3,3,complete,2,66.666667,502,303,60.358566,43597,0
S007,U024,P1,T18,3,3,complete,3,100.0,300,234,78.0,19116,0
S007,U024,P1,T20,3,2,partial,,,416,258,62.019231,27262,0
S007,U024,P1,T24,3,2,partial,,,348,202,58.045977,23469,0
S007,U024,P1,T27,3,2,partial,,,202,133,65.841584,13549,0
S007,U024,P1,T28,3,3,complete,3,100.0,153,81,52.941176,10566,0
S007,U024,P1,T30,3,2,partial,,,154,64,41.558442,10771,0
S007,U024,P1,T37,3,3,complete,1,33.333333,95,44,46.315789,6711,0
S007,U024,P1,T41,3,3,complete,2,66.666667,89,43,48.314607,6047,0
S008,U017,P2,T2,3,3,complete,2,66.666667,597,406,68.0067,59082,0
S008,U017,P2,T5,3,3,complete,3,100.0,509,372,73.084479,46799,0
S008,U017,P2,T17,3,3,complete,3,100.0,429,304,70.862471,25371,0
S008,U017,P2,T26,3,3,complete,2,66.666667,396,265,66.919192,25050,0
S008,U017,P2,T33,3,3,complete,3,100.0,283,196,69.257951,18741,0
S008,U017,P2,T42,3,3,complete,3,100.0,227,140,61.674009,15007,0
S008,U017,P2,T45,3,3,complete,3,100.0,255,166,65.098039,17387,0
S008,U017,P2,T47,3,3,complete,3,100.0,232,153,65.948276,15584,0
S008,U017,P2,T48,3,3,complete,2,66.666667,232,124,53.448276,15546,0
S008,U017,P2,T49,3,3,complete,3,100.0,182,132,72.527473,12375,0
S009,U020,P3B,T3,3,3,complete,3,100.0,57,9,15.789474,9574,0
S009,U020,P3B,T4,3,3,complete,3,100.0,93,26,27.956989,7757,188
S009,U020,P3B,T9,3,3,complete,1,33.333333,33,9,27.272727,3554,16
S009,U020,P3B,T10,3,3,complete,2,66.666667,48,8,16.666667,4581,10
S009,U020,P3B,T19,3,2,partial,,,29,6,20.689655,2709,7
S009,U020,P3B,T29,3,3,complete,3,100.0,41,5,12.195122,4213,54
S009,U020,P3B,T31,3,3,complete,3,100.0,37,7,18.918919,3089,7
S009,U020,P3B,T32,3,3,complete,2,66.666667,36,4,11.111111,3903,8
S009,U020,P3B,T46,3,3,complete,3,100.0,38,10,26.315789,4044,28
S009,U020,P3B,T50,3,3,complete,3,100.0,34,11,32.352941,3114,6
S010,U006,P1,T12,3,3,complete,3,100.0,452,174,38.495575,51077,0
S010,U006,P1,T15,3,3,complete,3,100.0,852,561,65.84507,82506,0
S010,U006,P1,T18,3,3,complete,3,100.0,673,391,58.098068,71940,0
S010,U006,P1,T20,3,3,complete,3,100.0,515,264,51.262136,33719,0
S010,U006,P1,T24,3,2,partial,,,0,0,,0,0
S010,U006,P1,T27,3,3,complete,3,100.0,0,0,,0,0
S010,U006,P1,T28,3,3,complete,3,100.0,0,0,,0,0
S010,U006,P1,T30,3,3,complete,3,100.0,0,0,,0,0
S010,U006,P1,T37,3,3,complete,3,100.0,0,0,,0,0
S010,U006,P1,T41,3,3,complete,3,100.0,0,0,,0,0
S011,U001,P3A,T3,3,3,complete,3,100.0,23,18,78.26087,1983,0
S011,U001,P3A,T4,3,3,complete,3,100.0,13,12,92.307692,789,0
S011,U001,P3A,T9,3,3,complete,3,100.0,18,17,94.444444,1145,0
S011,U001,P3A,T10,3,3,complete,3,100.0,17,14,82.352941,1227,0
S011,U001,P3A,T19,3,3,complete,3,100.0,16,16,100.0,1052,0
S011,U001,P3A,T29,3,3,complete,3,100.0,4,3,75.0,318,0
S011,U001,P3A,T31,3,3,complete,3,100.0,0,0,,0,0
S011,U001,P3A,T32,3,3,complete,3,100.0,0,0,,0,0
S011,U001,P3A,T46,3,3,complete,3,100.0,0,0,,0,0
S011,U001,P3A,T50,3,3,complete,3,100.0,0,0,,0,0
S012,U014,P1,T12,3,3,complete,3,100.0,178,142,79.775281,12367,0
S012,U014,P1,T15,3,3,complete,3,100.0,241,169,70.124481,17418,0
S012,U014,P1,T18,3,3,complete,3,100.0,204,122,59.803922,14917,0
S012,U014,P1,T20,3,3,complete,3,100.0,203,138,67.980296,15428,0
S012,U014,P1,T24,3,3,complete,3,100.0,0,0,,0,0
S012,U014,P1,T27,3,3,complete,3,100.0,0,0,,0,0
S012,U014,P1,T28,3,3,complete,3,100.0,0,0,,0,0
S012,U014,P1,T30,3,3,complete,3,100.0,0,0,,0,0
S012,U014,P1,T37,3,3,complete,3,100.0,0,0,,0,0
S012,U014,P1,T41,3,3,complete,3,100.0,0,0,,0,0
S013,U025,P2,T2,3,3,complete,2,66.666667,296,188,63.513514,55657,0
S013,U025,P2,T5,3,3,complete,2,66.666667,163,99,60.736196,23431,0
S013,U025,P2,T17,3,3,complete,3,100.0,109,61,55.963303,9198,0
S013,U025,P2,T26,3,3,complete,3,100.0,116,48,41.37931,10209,0
S013,U025,P2,T33,3,3,complete,3,100.0,46,26,56.521739,5337,0
S013,U025,P2,T42,3,3,complete,3,100.0,87,49,56.321839,9878,0
S013,U025,P2,T45,3,3,complete,3,100.0,71,42,59.15493,7987,0
S013,U025,P2,T47,3,3,complete,3,100.0,23,11,47.826087,2790,0
S013,U025,P2,T48,3,3,complete,3,100.0,27,16,59.259259,3277,0
S013,U025,P2,T49,3,3,complete,3,100.0,192,78,40.625,23484,0
S014,U019,P1,T12,3,3,complete,3,100.0,342,262,76.608187,131669,0
S014,U019,P1,T15,3,3,complete,3,100.0,484,294,60.743802,159385,0
S014,U019,P1,T18,3,3,complete,3,100.0,344,191,55.523256,91630,0
S014,U019,P1,T20,3,3,complete,3,100.0,434,221,50.921659,78534,0
S014,U019,P1,T24,3,3,complete,3,100.0,148,72,48.648649,34044,0
S014,U019,P1,T27,3,3,complete,3,100.0,276,130,47.101449,72788,0
S014,U019,P1,T28,3,3,complete,3,100.0,165,110,66.666667,31169,0
S014,U019,P1,T30,3,3,complete,3,100.0,124,71,57.258065,31204,0
S014,U019,P1,T37,3,3,complete,3,100.0,257,135,52.529183,53152,0
S014,U019,P1,T41,3,3,complete,3,100.0,60,27,45.0,13896,0
S015,U023,P2,T2,3,3,complete,0,0.0,32,21,65.625,10232,0
S015,U023,P2,T5,3,3,complete,0,0.0,20,10,50.0,5554,0
S015,U023,P2,T17,3,3,complete,1,33.333333,12,8,66.666667,3855,0
S015,U023,P2,T26,3,3,complete,0,0.0,43,14,32.55814,11999,0
S015,U023,P2,T33,3,3,complete,1,33.333333,96,53,55.208333,17686,0
S015,U023,P2,T42,3,3,complete,1,33.333333,30,14,46.666667,6190,0
S015,U023,P2,T45,3,3,complete,1,33.333333,19,9,47.368421,4743,0
S015,U023,P2,T47,3,3,complete,2,66.666667,19,10,52.631579,6515,0
S015,U023,P2,T48,3,3,complete,3,100.0,24,10,41.666667,7655,0
S015,U023,P2,T49,3,3,complete,2,66.666667,19,9,47.368421,7155,0
S016,U003,P3B,T3,3,3,complete,3,100.0,69,29,42.028986,13330,0
S016,U003,P3B,T4,3,3,complete,3,100.0,68,13,19.117647,12040,131
S016,U003,P3B,T9,3,3,complete,3,100.0,59,12,20.338983,7179,60
S016,U003,P3B,T10,3,3,complete,3,100.0,53,16,30.188679,4653,73
S016,U003,P3B,T19,3,3,complete,3,100.0,61,12,19.672131,6173,58
S016,U003,P3B,T29,3,3,complete,3,100.0,83,14,16.86747,8045,61
S016,U003,P3B,T31,3,3,complete,3,100.0,37,9,24.324324,3583,76
S016,U003,P3B,T32,3,3,complete,3,100.0,42,12,28.571429,4565,39
S016,U003,P3B,T46,3,3,complete,3,100.0,45,13,28.888889,4835,107
S016,U003,P3B,T50,3,3,complete,3,100.0,63,16,25.396825,6118,64
S017,U016,P2,T2,3,0,unscored,,,1,1,100.0,51,0
S017,U016,P2,T5,3,0,unscored,,,1,0,0.0,109,0
S017,U016,P2,T17,3,0,unscored,,,2,0,0.0,217,0
S017,U016,P2,T26,3,0,unscored,,,3,0,0.0,223,0
S017,U016,P2,T33,3,0,unscored,,,1,0,0.0,126,0
S017,U016,P2,T42,3,0,unscored,,,0,0,,0,0
S017,U016,P2,T45,3,0,unscored,,,0,0,,0,0
S017,U016,P2,T47,3,0,unscored,,,1,0,0.0,47,0
S017,U016,P2,T48,3,0,unscored,,,2,0,0.0,174,0
S017,U016,P2,T49,3,0,unscored,,,3,0,0.0,181,0
S018,U009,P1,T12,3,0,unscored,,,310,51,16.451613,58505,0
S018,U009,P1,T15,3,0,unscored,,,436,34,7.798165,61298,0
S018,U009,P1,T18,3,0,unscored,,,261,6,2.298851,37888,0
S018,U009,P1,T20,3,0,unscored,,,6,0,0.0,572,0
S018,U009,P1,T24,3,0,unscored,,,7,0,0.0,636,0
S018,U009,P1,T27,3,0,unscored,,,7,0,0.0,851,0
S018,U009,P1,T28,3,0,unscored,,,7,0,0.0,589,0
S018,U009,P1,T30,3,0,unscored,,,14,0,0.0,1451,0
S018,U009,P1,T37,3,0,unscored,,,7,0,0.0,617,0
S018,U009,P1,T41,3,0,unscored,,,10,0,0.0,954,0
S019,U016,P2,T2,3,0,unscored,,,1,1,100.0,94,0
S019,U016,P2,T5,3,0,unscored,,,1,0,0.0,90,0
S019,U016,P2,T17,3,0,unscored,,,0,0,,0,0
S019,U016,P2,T26,3,0,unscored,,,0,0,,0,0
S019,U016,P2,T33,3,0,unscored,,,0,0,,0,0
S019,U016,P2,T42,3,0,unscored,,,2,0,0.0,145,0
S019,U016,P2,T45,3,0,unscored,,,2,0,0.0,135,0
S019,U016,P2,T47,3,0,unscored,,,1,0,0.0,65,0
S019,U016,P2,T48,3,0,unscored,,,0,0,,0,0
S019,U016,P2,T49,3,0,unscored,,,2,0,0.0,152,0
S020,U001,P2,T2,3,3,complete,2,66.666667,44,39,88.636364,4478,0
S020,U001,P2,T5,3,3,complete,2,66.666667,30,25,83.333333,2806,0
S020,U001,P2,T17,3,3,complete,3,100.0,24,21,87.5,1508,0
S020,U001,P2,T26,3,3,complete,3,100.0,18,16,88.888889,1168,0
S020,U001,P2,T33,3,3,complete,3,100.0,19,18,94.736842,1169,0
S020,U001,P2,T42,3,3,complete,3,100.0,17,17,100.0,1011,0
S020,U001,P2,T45,3,3,complete,3,100.0,15,15,100.0,934,0
S020,U001,P2,T47,3,3,complete,3,100.0,18,18,100.0,1115,0
S020,U001,P2,T48,3,3,complete,3,100.0,27,27,100.0,1632,0
S020,U001,P2,T49,3,3,complete,3,100.0,17,17,100.0,960,0
S021,U004,P2,T2,3,0,unscored,,,0,0,,0,0
S021,U004,P2,T5,3,0,unscored,,,1,1,100.0,73,0
S021,U004,P2,T17,3,0,unscored,,,2,0,0.0,130,0
S021,U004,P2,T26,3,0,unscored,,,1,0,0.0,108,0
S021,U004,P2,T33,3,0,unscored,,,5,0,0.0,297,0
S021,U004,P2,T42,3,0,unscored,,,2,0,0.0,124,0
S021,U004,P2,T45,3,0,unscored,,,7,1,14.285714,437,0
S021,U004,P2,T47,3,0,unscored,,,1,0,0.0,68,0
S021,U004,P2,T48,3,0,unscored,,,2,0,0.0,134,0
S021,U004,P2,T49,3,0,unscored,,,1,0,0.0,66,0
S022,U023,P1,T12,3,3,complete,1,33.333333,66,38,57.575758,38962,0
S022,U023,P1,T15,3,3,complete,1,33.333333,50,28,56.0,18587,0
S022,U023,P1,T18,3,3,complete,0,0.0,189,110,58.201058,39719,0
S022,U023,P1,T20,3,3,complete,2,66.666667,214,151,70.560748,44838,0
S022,U023,P1,T24,3,3,complete,1,33.333333,79,48,60.759494,20055,0
S022,U023,P1,T27,3,3,complete,1,33.333333,56,23,41.071429,12835,0
S022,U023,P1,T28,3,3,complete,1,33.333333,38,16,42.105263,9629,0
S022,U023,P1,T30,3,3,complete,1,33.333333,28,19,67.857143,8774,0
S022,U023,P1,T37,3,3,complete,1,33.333333,54,31,57.407407,11710,0
S022,U023,P1,T41,3,3,complete,1,33.333333,22,12,54.545455,8325,0
S023,U022,P1,T12,3,3,complete,3,100.0,295,166,56.271186,34220,0
S023,U022,P1,T15,3,3,complete,3,100.0,341,172,50.439883,37623,0
S023,U022,P1,T18,3,3,complete,3,100.0,137,59,43.065693,10381,0
S023,U022,P1,T20,3,3,complete,3,100.0,81,54,66.666667,6638,0
S023,U022,P1,T24,3,3,complete,3,100.0,0,0,,0,0
S023,U022,P1,T27,3,3,complete,3,100.0,0,0,,0,0
S023,U022,P1,T28,3,3,complete,3,100.0,0,0,,0,0
S023,U022,P1,T30,3,3,complete,3,100.0,0,0,,0,0
S023,U022,P1,T37,3,3,complete,3,100.0,0,0,,0,0
S023,U022,P1,T41,3,3,complete,3,100.0,0,0,,0,0
S024,U013,P3B,T3,3,3,complete,2,66.666667,115,13,11.304348,10455,0
S024,U013,P3B,T4,3,0,unscored,,,1,0,0.0,62,7
S024,U013,P3B,T9,3,0,unscored,,,0,0,,0,0
S024,U013,P3B,T10,3,0,unscored,,,1,0,0.0,131,1
S024,U013,P3B,T19,3,0,unscored,,,10,0,0.0,1113,0
S024,U013,P3B,T29,3,0,unscored,,,0,0,,0,0
S024,U013,P3B,T31,3,0,unscored,,,0,0,,0,0
S024,U013,P3B,T32,3,0,unscored,,,1,0,0.0,104,0
S024,U013,P3B,T46,3,0,unscored,,,2,0,0.0,150,1
S024,U013,P3B,T50,3,0,unscored,,,2,0,0.0,213,1
S025,U002,P2,T2,3,3,complete,2,66.666667,244,167,68.442623,34496,0
S025,U002,P2,T5,3,3,complete,3,100.0,211,147,69.668246,17974,0
S025,U002,P2,T17,3,3,complete,3,100.0,206,152,73.786408,23115,0
S025,U002,P2,T26,3,3,complete,3,100.0,226,120,53.097345,25514,0
S025,U002,P2,T33,3,3,complete,3,100.0,106,58,54.716981,9757,0
S025,U002,P2,T42,3,3,complete,3,100.0,338,239,70.710059,32006,0
S025,U002,P2,T45,3,2,partial,,,84,32,38.095238,6552,0
S025,U002,P2,T47,3,3,complete,3,100.0,177,118,66.666667,12802,0
S025,U002,P2,T48,3,3,complete,3,100.0,151,73,48.344371,13499,0
S025,U002,P2,T49,3,3,complete,3,100.0,47,24,51.06383,4754,0
S026,U013,P2,T2,3,2,partial,,,261,146,55.938697,48949,0
S026,U013,P2,T5,3,2,partial,,,942,755,80.14862,204312,0
S026,U013,P2,T17,3,2,partial,,,1137,799,70.272647,157297,0
S026,U013,P2,T26,3,3,complete,1,33.333333,305,223,73.114754,35091,0
S026,U013,P2,T33,3,2,partial,,,391,255,65.217391,45789,0
S026,U013,P2,T42,3,0,unscored,,,4,0,0.0,385,0
S026,U013,P2,T45,3,0,unscored,,,1,0,0.0,50,0
S026,U013,P2,T47,3,3,complete,1,33.333333,47,31,65.957447,4873,0
S026,U013,P2,T48,3,3,complete,1,33.333333,57,31,54.385965,5773,0
S026,U013,P2,T49,3,2,partial,,,36,20,55.555556,3845,0
S027,U003,P2,T2,3,3,complete,2,66.666667,188,126,67.021277,45675,0
S027,U003,P2,T5,3,3,complete,3,100.0,272,164,60.294118,40503,0
S027,U003,P2,T17,3,3,complete,3,100.0,295,171,57.966102,58800,0
S027,U003,P2,T26,3,3,complete,3,100.0,129,56,43.410853,17030,0
S027,U003,P2,T33,3,3,complete,3,100.0,350,200,57.142857,31712,0
S027,U003,P2,T42,3,3,complete,3,100.0,100,60,60.0,9911,0
S027,U003,P2,T45,3,3,complete,3,100.0,102,50,49.019608,9383,0
S027,U003,P2,T47,3,3,complete,3,100.0,197,137,69.543147,18375,0
S027,U003,P2,T48,3,3,complete,2,66.666667,250,139,55.6,23345,0
S027,U003,P2,T49,3,2,partial,,,61,37,60.655738,6081,0
S028,U012,P1,T12,3,3,complete,3,100.0,459,313,68.191721,95676,0
S028,U012,P1,T15,3,3,complete,3,100.0,754,538,71.352785,83851,0
S028,U012,P1,T18,3,3,complete,3,100.0,340,233,68.529412,34740,0
S028,U012,P1,T20,3,3,complete,3,100.0,404,266,65.841584,45162,0
S028,U012,P1,T24,3,3,complete,3,100.0,428,262,61.214953,49467,0
S028,U012,P1,T27,3,3,complete,2,66.666667,460,339,73.695652,41020,0
S028,U012,P1,T28,3,3,complete,3,100.0,399,217,54.385965,36228,0
S028,U012,P1,T30,3,3,complete,3,100.0,369,228,61.788618,35364,0
S028,U012,P1,T37,3,3,complete,3,100.0,270,147,54.444444,25939,0
S028,U012,P1,T41,3,2,partial,,,181,95,52.486188,17403,0
S029,U016,P1,T12,3,3,complete,3,100.0,365,280,76.712329,41202,0
S029,U016,P1,T15,3,2,partial,,,276,151,54.710145,17589,0
S029,U016,P1,T18,3,3,complete,3,100.0,259,141,54.440154,16699,0
S029,U016,P1,T20,3,3,complete,3,100.0,336,223,66.369048,22942,0
S029,U016,P1,T24,3,3,complete,2,66.666667,312,202,64.74359,22475,0
S029,U016,P1,T27,3,2,partial,,,276,138,50.0,19883,0
S029,U016,P1,T28,3,0,unscored,,,4,1,25.0,286,0
S029,U016,P1,T30,3,0,unscored,,,12,5,41.666667,782,0
S029,U016,P1,T37,3,0,unscored,,,1,0,0.0,68,0
S029,U016,P1,T41,3,0,unscored,,,3,0,0.0,193,0
S030,U005,P2,T2,3,3,complete,3,100.0,359,262,72.980501,64573,0
S030,U005,P2,T5,3,1,partial,,,683,499,73.060029,106770,0
S030,U005,P2,T17,3,1,partial,,,721,531,73.647712,87169,0
S030,U005,P2,T26,3,2,partial,,,440,254,57.727273,38426,0
S030,U005,P2,T33,3,3,complete,3,100.0,271,97,35.793358,25388,0
S030,U005,P2,T42,3,2,partial,,,324,130,40.123457,30687,0
S030,U005,P2,T45,3,2,partial,,,388,194,50.0,36122,0
S030,U005,P2,T47,3,2,partial,,,209,121,57.894737,19484,0
S030,U005,P2,T48,3,3,complete,2,66.666667,209,106,50.717703,19209,0
S030,U005,P2,T49,3,2,partial,,,166,65,39.156627,15656,0
S031,U023,P3B,T3,3,3,complete,2,66.666667,34,5,14.705882,8355,0
S031,U023,P3B,T4,3,3,complete,0,0.0,17,2,11.764706,4296,4
S031,U023,P3B,T9,3,3,complete,1,33.333333,13,0,0.0,6112,7
S031,U023,P3B,T10,3,3,complete,1,33.333333,20,4,20.0,4782,7
S031,U023,P3B,T19,3,3,complete,2,66.666667,32,1,3.125,7386,4
S031,U023,P3B,T29,3,3,complete,1,33.333333,28,2,7.142857,5701,4
S031,U023,P3B,T31,3,3,complete,1,33.333333,28,4,14.285714,6633,4
S031,U023,P3B,T32,3,3,complete,1,33.333333,27,5,18.518519,5526,5
S031,U023,P3B,T46,3,3,complete,1,33.333333,20,2,10.0,5589,5
S031,U023,P3B,T50,3,3,complete,1,33.333333,29,3,10.344828,7145,4
S032,U024,P2,T2,3,3,complete,1,33.333333,78,41,52.564103,7379,0
S032,U024,P2,T5,3,2,partial,,,263,152,57.794677,19346,0
S032,U024,P2,T17,3,2,partial,,,124,78,62.903226,7556,0
S032,U024,P2,T26,3,3,complete,1,33.333333,70,38,54.285714,4298,0
S032,U024,P2,T33,3,3,complete,1,33.333333,100,51,51.0,6404,0
S032,U024,P2,T42,3,2,partial,,,100,60,60.0,6970,0
S032,U024,P2,T45,3,2,partial,,,325,134,41.230769,23532,0
S032,U024,P2,T47,3,3,complete,3,100.0,73,45,61.643836,5135,0
S032,U024,P2,T48,3,3,complete,0,0.0,62,32,51.612903,4494,0
S032,U024,P2,T49,3,3,complete,1,33.333333,44,25,56.818182,3304,0
S033,U007,P1,T12,3,3,complete,3,100.0,110,60,54.545455,28272,0
S033,U007,P1,T15,3,3,complete,3,100.0,271,151,55.719557,74315,0
S033,U007,P1,T18,3,3,complete,3,100.0,239,125,52.301255,60225,0
S033,U007,P1,T20,3,3,complete,3,100.0,75,42,56.0,25794,0
S033,U007,P1,T24,3,3,complete,3,100.0,209,95,45.454545,46509,0
S033,U007,P1,T27,3,3,complete,3,100.0,190,113,59.473684,38710,0
S033,U007,P1,T28,3,3,complete,3,100.0,89,43,48.314607,23523,0
S033,U007,P1,T30,3,3,complete,3,100.0,324,187,57.716049,62237,0
S033,U007,P1,T37,3,3,complete,2,66.666667,231,122,52.813853,63313,0
S033,U007,P1,T41,3,3,complete,3,100.0,94,59,62.765957,25476,0
S034,U015,P3A,T3,3,3,complete,2,66.666667,812,201,24.753695,132293,0
S034,U015,P3A,T4,3,3,complete,3,100.0,120,57,47.5,10132,0
S034,U015,P3A,T9,3,3,complete,3,100.0,233,110,47.2103,37404,0
S034,U015,P3A,T10,3,3,complete,3,100.0,115,60,52.173913,6994,0
S034,U015,P3A,T19,3,3,complete,3,100.0,38,15,39.473684,2418,0
S034,U015,P3A,T29,3,3,complete,3,100.0,35,13,37.142857,2316,0
S034,U015,P3A,T31,3,3,complete,3,100.0,33,16,48.484848,2272,0
S034,U015,P3A,T32,3,3,complete,3,100.0,30,11,36.666667,2000,0
S034,U015,P3A,T46,3,3,complete,3,100.0,31,15,48.387097,2130,0
S034,U015,P3A,T50,3,3,complete,3,100.0,34,19,55.882353,2493,0
S035,U004,P2,T2,3,0,unscored,,,1,1,100.0,65,0
S035,U004,P2,T5,3,0,unscored,,,21,6,28.571429,1358,0
S035,U004,P2,T17,3,0,unscored,,,1,0,0.0,55,0
S035,U004,P2,T26,3,0,unscored,,,7,0,0.0,437,0
S035,U004,P2,T33,3,0,unscored,,,0,0,,0,0
S035,U004,P2,T42,3,0,unscored,,,0,0,,0,0
S035,U004,P2,T45,3,0,unscored,,,0,0,,0,0
S035,U004,P2,T47,3,0,unscored,,,0,0,,0,0
S035,U004,P2,T48,3,0,unscored,,,1,0,0.0,72,0
S035,U004,P2,T49,3,0,unscored,,,1,0,0.0,63,0
S036,U012,P3B,T3,3,2,partial,,,216,3,1.388889,23631,0
S036,U012,P3B,T4,3,3,complete,3,100.0,65,2,3.076923,5144,108
S036,U012,P3B,T9,3,3,complete,3,100.0,30,1,3.333333,3307,175
S036,U012,P3B,T10,3,3,complete,3,100.0,313,7,2.236422,21367,242
S036,U012,P3B,T19,3,3,complete,3,100.0,88,10,11.363636,4562,289
S036,U012,P3B,T29,3,3,complete,3,100.0,154,6,3.896104,9702,0
S036,U012,P3B,T31,3,3,complete,3,100.0,57,13,22.807018,3465,39
S036,U012,P3B,T32,3,3,complete,3,100.0,121,10,8.264463,9696,52
S036,U012,P3B,T46,3,3,complete,3,100.0,105,12,11.428571,9222,202
S036,U012,P3B,T50,3,3,complete,3,100.0,144,18,12.5,9000,233
S037,U005,P1,T12,3,3,complete,2,66.666667,1034,680,65.764023,153600,0
S037,U005,P1,T15,3,3,complete,3,100.0,718,343,47.771588,86846,0
S037,U005,P1,T18,3,3,complete,3,100.0,241,107,44.39834,23400,0
S037,U005,P1,T20,3,3,complete,1,33.333333,568,352,61.971831,51959,0
S037,U005,P1,T24,3,2,partial,,,777,455,58.558559,73967,0
S037,U005,P1,T27,3,3,complete,2,66.666667,384,217,56.510417,36000,0
S037,U005,P1,T28,3,2,partial,,,776,315,40.592784,72754,0
S037,U005,P1,T30,3,3,complete,2,66.666667,491,193,39.307536,45353,0
S037,U005,P1,T37,3,2,partial,,,259,56,21.621622,24204,0
S037,U005,P1,T41,3,3,complete,3,100.0,243,95,39.09465,22568,0
S038,U026,P2,T2,3,2,partial,,,37,27,72.972973,2843,0
S038,U026,P2,T5,3,3,complete,1,33.333333,0,0,,0,0
S038,U026,P2,T17,3,3,complete,1,33.333333,0,0,,0,0
S038,U026,P2,T26,3,3,complete,3,100.0,0,0,,0,0
S038,U026,P2,T33,3,3,complete,2,66.666667,0,0,,0,0
S038,U026,P2,T42,3,2,partial,,,0,0,,0,0
S038,U026,P2,T45,3,3,complete,2,66.666667,0,0,,0,0
S038,U026,P2,T47,3,3,complete,2,66.666667,0,0,,0,0
S038,U026,P2,T48,3,3,complete,3,100.0,0,0,,0,0
S038,U026,P2,T49,3,3,complete,2,66.666667,0,0,,0,0
S039,U011,P3B,T3,3,3,complete,3,100.0,35,4,11.428571,11400,0
S039,U011,P3B,T4,3,2,partial,,,24,5,20.833333,4912,13
S039,U011,P3B,T9,3,0,unscored,,,3,0,0.0,398,0
S039,U011,P3B,T10,3,0,unscored,,,5,0,0.0,1743,0
S039,U011,P3B,T19,3,3,complete,3,100.0,24,6,25.0,6520,2
S039,U011,P3B,T29,3,2,partial,,,42,2,4.761905,17118,9
S039,U011,P3B,T31,3,0,unscored,,,6,0,0.0,2459,3
S039,U011,P3B,T32,3,0,unscored,,,2,0,0.0,252,0
S039,U011,P3B,T46,3,0,unscored,,,1,0,0.0,201,0
S039,U011,P3B,T50,3,0,unscored,,,2,0,0.0,175,0
S040,U021,P1,T12,3,3,complete,3,100.0,135,72,53.333333,13335,0
S040,U021,P1,T15,3,3,complete,3,100.0,373,227,60.857909,35975,0
S040,U021,P1,T18,3,3,complete,3,100.0,237,158,66.666667,14646,0
S040,U021,P1,T20,3,3,complete,3,100.0,269,167,62.081784,17594,0
S040,U021,P1,T24,3,3,complete,3,100.0,144,82,56.944444,9867,0
S040,U021,P1,T27,3,3,complete,3,100.0,0,0,,0,0
S040,U021,P1,T28,3,3,complete,3,100.0,0,0,,0,0
S040,U021,P1,T30,3,3,complete,2,66.666667,0,0,,0,0
S040,U021,P1,T37,3,3,complete,3,100.0,0,0,,0,0
S040,U021,P1,T41,3,3,complete,3,100.0,0,0,,0,0
S041,U011,P2,T2,3,3,complete,2,66.666667,34,21,61.764706,12771,0
S041,U011,P2,T5,3,3,complete,2,66.666667,62,38,61.290323,24599,0
S041,U011,P2,T17,3,3,complete,3,100.0,150,75,50.0,31292,0
S041,U011,P2,T26,3,3,complete,3,100.0,120,62,51.666667,58305,0
S041,U011,P2,T33,3,1,partial,,,85,47,55.294118,39431,0
S041,U011,P2,T42,3,0,unscored,,,4,1,25.0,584,0
S041,U011,P2,T45,3,0,unscored,,,3,1,33.333333,202,0
S041,U011,P2,T47,3,0,unscored,,,6,0,0.0,797,0
S041,U011,P2,T48,3,0,unscored,,,5,2,40.0,352,0
S041,U011,P2,T49,3,0,unscored,,,5,3,60.0,782,0
S042,U016,P2,T2,3,2,partial,,,24,8,33.333333,2489,0
S042,U016,P2,T5,3,0,unscored,,,2,0,0.0,125,0
S042,U016,P2,T17,3,0,unscored,,,2,0,0.0,144,0
S042,U016,P2,T26,3,0,unscored,,,1,0,0.0,65,0
S042,U016,P2,T33,3,0,unscored,,,2,0,0.0,154,0
S042,U016,P2,T42,3,0,unscored,,,2,0,0.0,158,0
S042,U016,P2,T45,3,0,unscored,,,1,0,0.0,75,0
S042,U016,P2,T47,3,0,unscored,,,2,0,0.0,171,0
S042,U016,P2,T48,3,0,unscored,,,2,0,0.0,162,0
S042,U016,P2,T49,3,0,unscored,,,2,0,0.0,188,0
S043,,P1,T12,3,3,complete,3,100.0,181,121,66.850829,118986,0
S043,,P1,T15,3,2,partial,,,57,36,63.157895,30162,0
S043,,P1,T18,3,3,complete,2,66.666667,65,48,73.846154,37682,0
S043,,P1,T20,3,3,complete,2,66.666667,65,46,70.769231,33603,0
S043,,P1,T24,3,3,complete,2,66.666667,176,108,61.363636,76322,0
S043,,P1,T27,3,3,complete,3,100.0,123,78,63.414634,48787,0
S043,,P1,T28,3,3,complete,2,66.666667,131,92,70.229008,57541,0
S043,,P1,T30,3,3,complete,3,100.0,102,60,58.823529,43504,0
S043,,P1,T37,3,3,complete,3,100.0,92,54,58.695652,40812,0
S043,,P1,T41,3,3,complete,3,100.0,87,53,60.91954,40059,0
S044,U010,P1,T12,3,3,complete,3,100.0,609,370,60.755337,53839,0
S044,U010,P1,T15,3,3,complete,3,100.0,900,537,59.666667,98211,0
S044,U010,P1,T18,3,3,complete,3,100.0,285,168,58.947368,32236,0
S044,U010,P1,T20,3,3,complete,3,100.0,655,370,56.48855,59466,0
S044,U010,P1,T24,3,3,complete,3,100.0,405,258,63.703704,24647,0
S044,U010,P1,T27,3,3,complete,3,100.0,208,137,65.865385,13505,0
S044,U010,P1,T28,3,3,complete,3,100.0,685,482,70.364964,42875,0
S044,U010,P1,T30,3,3,complete,3,100.0,339,199,58.702065,21117,0
S044,U010,P1,T37,3,3,complete,3,100.0,221,133,60.180995,13726,0
S044,U010,P1,T41,3,3,complete,3,100.0,216,154,71.296296,13276,0
S045,U003,P1,T12,3,3,complete,3,100.0,469,321,68.443497,143923,0
S045,U003,P1,T15,3,3,complete,3,100.0,453,260,57.395143,100021,0
S045,U003,P1,T18,3,3,complete,3,100.0,343,209,60.932945,62957,0
S045,U003,P1,T20,3,3,complete,3,100.0,319,162,50.783699,47761,0
S045,U003,P1,T24,3,3,complete,3,100.0,468,207,44.230769,41431,0
S045,U003,P1,T27,3,3,complete,3,100.0,241,94,39.004149,22062,0
S045,U003,P1,T28,3,3,complete,3,100.0,200,92,46.0,17736,0
S045,U003,P1,T30,3,3,complete,3,100.0,337,174,51.632047,30526,0
S045,U003,P1,T37,3,3,complete,3,100.0,223,90,40.358744,20633,0
S045,U003,P1,T41,3,3,complete,3,100.0,313,139,44.408946,29116,0
S046,U012,P2,T2,3,3,complete,2,66.666667,208,138,66.346154,43774,0
S046,U012,P2,T5,3,3,complete,2,66.666667,578,376,65.051903,79302,0
S046,U012,P2,T17,3,3,complete,3,100.0,596,446,74.832215,61632,0
S046,U012,P2,T26,3,3,complete,3,100.0,361,215,59.556787,38673,0
S046,U012,P2,T33,3,3,complete,3,100.0,140,103,73.571429,16585,0
S046,U012,P2,T42,3,3,complete,3,100.0,293,146,49.829352,26259,0
S046,U012,P2,T45,3,3,complete,3,100.0,173,110,63.583815,17047,0
S046,U012,P2,T47,3,3,complete,3,100.0,247,134,54.251012,24995,0
S046,U012,P2,T48,3,2,partial,,,159,84,52.830189,15693,0
S046,U012,P2,T49,3,3,complete,3,100.0,327,207,63.302752,32763,0
S047,U025,P1,T12,3,3,complete,3,100.0,25,14,56.0,2948,0
S047,U025,P1,T15,3,3,complete,3,100.0,63,30,47.619048,7392,0
S047,U025,P1,T18,3,3,complete,3,100.0,172,103,59.883721,23622,0
S047,U025,P1,T20,3,3,complete,3,100.0,229,179,78.165939,24372,0
S047,U025,P1,T24,3,3,complete,3,100.0,321,238,74.143302,30422,0
S047,U025,P1,T27,3,3,complete,3,100.0,143,93,65.034965,13097,0
S047,U025,P1,T28,3,3,complete,3,100.0,28,11,39.285714,3558,0
S047,U025,P1,T30,3,3,complete,3,100.0,21,10,47.619048,2697,0
S047,U025,P1,T37,3,3,complete,3,100.0,156,88,56.410256,17025,0
S047,U025,P1,T41,3,3,complete,3,100.0,146,85,58.219178,12391,0
S048,U008,P2,T2,3,3,complete,1,33.333333,57,28,49.122807,9005,0
S048,U008,P2,T5,3,2,partial,,,21,9,42.857143,5179,0
S048,U008,P2,T17,3,3,complete,0,0.0,35,22,62.857143,6449,0
S048,U008,P2,T26,3,3,complete,0,0.0,47,23,48.93617,4904,0
S048,U008,P2,T33,3,3,complete,0,0.0,47,26,55.319149,4326,0
S048,U008,P2,T42,3,3,complete,0,0.0,37,21,56.756757,3177,0
S048,U008,P2,T45,3,3,complete,0,0.0,42,25,59.52381,3962,0
S048,U008,P2,T47,3,3,complete,0,0.0,48,33,68.75,4613,0
S048,U008,P2,T48,3,3,complete,0,0.0,36,25,69.444444,3460,0
S048,U008,P2,T49,3,3,complete,0,0.0,40,30,75.0,3737,0
S049,U014,P2,T2,3,3,complete,2,66.666667,265,162,61.132075,28036,0
S049,U014,P2,T5,3,3,complete,3,100.0,153,102,66.666667,10096,0
S049,U014,P2,T17,3,3,complete,3,100.0,308,201,65.25974,20922,0
S049,U014,P2,T26,3,3,complete,3,100.0,259,208,80.30888,18091,0
S049,U014,P2,T33,3,3,complete,3,100.0,133,93,69.924812,9813,0
S049,U014,P2,T42,3,3,complete,3,100.0,79,36,45.56962,6083,0
S049,U014,P2,T45,3,3,complete,3,100.0,0,0,,0,0
S049,U014,P2,T47,3,3,complete,3,100.0,0,0,,0,0
S049,U014,P2,T48,3,3,complete,3,100.0,0,0,,0,0
S049,U014,P2,T49,3,3,complete,3,100.0,0,0,,0,0
S050,U013,P1,T12,3,3,complete,3,100.0,235,137,58.297872,23493,0
S050,U013,P1,T15,3,3,complete,2,66.666667,408,306,75.0,42444,0
S050,U013,P1,T18,3,3,complete,1,33.333333,194,86,44.329897,18865,0
S050,U013,P1,T20,3,0,unscored,,,8,2,25.0,1022,0
S050,U013,P1,T24,3,3,complete,1,33.333333,158,101,63.924051,13832,0
S050,U013,P1,T27,3,3,complete,2,66.666667,298,210,70.469799,24299,0
S050,U013,P1,T28,3,2,partial,,,232,165,71.12069,21632,0
S050,U013,P1,T30,3,3,complete,2,66.666667,120,67,55.833333,12058,0
S050,U013,P1,T37,3,1,partial,,,21,5,23.809524,2130,0
S050,U013,P1,T41,3,0,unscored,,,0,0,,0,0
S051,U018,P1,T12,3,3,complete,2,66.666667,475,357,75.157895,28408,0
S051,U018,P1,T15,3,3,complete,0,0.0,135,66,48.888889,8849,0
S051,U018,P1,T18,3,3,complete,1,33.333333,47,28,59.574468,3282,0
S051,U018,P1,T20,3,3,complete,1,33.333333,86,47,54.651163,6177,0
S051,U018,P1,T24,3,3,complete,1,33.333333,281,156,55.516014,19746,0
S051,U018,P1,T27,3,3,complete,1,33.333333,52,36,69.230769,3948,0
S051,U018,P1,T28,3,3,complete,1,33.333333,0,0,,0,0
S051,U018,P1,T30,3,3,complete,1,33.333333,101,51,50.49505,7879,0
S051,U018,P1,T37,3,2,partial,,,0,0,,0,0
S051,U018,P1,T41,3,3,complete,1,33.333333,0,0,,0,0
S052,U002,P1,T12,3,3,complete,3,100.0,534,387,72.47191,79903,0
S052,U002,P1,T15,3,3,complete,2,66.666667,666,500,75.075075,56576,0
S052,U002,P1,T18,3,3,complete,3,100.0,705,557,79.007092,76150,0
S052,U002,P1,T20,3,3,complete,3,100.0,903,531,58.803987,99313,0
S052,U002,P1,T24,3,3,complete,1,33.333333,425,250,58.823529,37994,0
S052,U002,P1,T27,3,3,complete,1,33.333333,143,79,55.244755,14465,0
S052,U002,P1,T28,3,3,complete,3,100.0,224,158,70.535714,13566,0
S052,U002,P1,T30,3,3,complete,3,100.0,232,168,72.413793,14155,0
S052,U002,P1,T37,3,3,complete,3,100.0,170,129,75.882353,10176,0
S052,U002,P1,T41,3,3,complete,3,100.0,215,139,64.651163,16299,0
S053,U024,P3B,T3,3,3,complete,1,33.333333,65,12,18.461538,6609,0
S053,U024,P3B,T4,3,3,complete,1,33.333333,36,2,5.555556,2172,11
S053,U024,P3B,T9,3,3,complete,1,33.333333,54,13,24.074074,3478,13
S053,U024,P3B,T10,3,2,partial,,,35,3,8.571429,2384,38
S053,U024,P3B,T19,3,3,complete,1,33.333333,60,8,13.333333,4066,8
S053,U024,P3B,T29,3,3,complete,0,0.0,25,3,12.0,1876,6
S053,U024,P3B,T31,3,3,complete,1,33.333333,85,5,5.882353,6048,6
S053,U024,P3B,T32,3,3,complete,0,0.0,28,3,10.714286,2004,0
S053,U024,P3B,T46,3,3,complete,0,0.0,25,1,4.0,1759,4
S053,U024,P3B,T50,3,3,complete,0,0.0,26,4,15.384615,1789,4
S054,U010,P2,T2,3,3,complete,2,66.666667,193,112,58.031088,16308,0
S054,U010,P2,T5,3,3,complete,3,100.0,477,352,73.794549,53606,0
S054,U010,P2,T17,3,3,complete,3,100.0,404,289,71.534653,40113,0
S054,U010,P2,T26,3,3,complete,3,100.0,403,302,74.937965,38980,0
S054,U010,P2,T33,3,3,complete,3,100.0,360,252,70.0,35891,0
S054,U010,P2,T42,3,2,partial,,,289,197,68.16609,26530,0
S054,U010,P2,T45,3,3,complete,3,100.0,320,223,69.6875,19129,0
S054,U010,P2,T47,3,3,complete,3,100.0,363,233,64.187328,21221,0
S054,U010,P2,T48,3,3,complete,3,100.0,249,160,64.257028,15479,0
S054,U010,P2,T49,3,3,complete,3,100.0,403,299,74.193548,24226,0
S055,U011,P1,T12,3,2,partial,,,152,83,54.605263,99505,0
S055,U011,P1,T15,3,3,complete,3,100.0,312,129,41.346154,168381,0
S055,U011,P1,T18,3,3,complete,3,100.0,227,120,52.863436,118669,0
S055,U011,P1,T20,3,3,complete,2,66.666667,284,200,70.422535,142626,0
S055,U011,P1,T24,3,2,partial,,,138,59,42.753623,59580,0
S055,U011,P1,T27,3,1,partial,,,8,1,12.5,2822,0
S055,U011,P1,T28,3,0,unscored,,,2,0,0.0,201,0
S055,U011,P1,T30,3,0,unscored,,,0,0,,0,0
S055,U011,P1,T37,3,0,unscored,,,2,1,50.0,217,0
S055,U011,P1,T41,3,0,unscored,,,1,1,100.0,119,0
S056,U020,P2,T2,3,3,complete,1,33.333333,143,100,69.93007,23204,0
S056,U020,P2,T5,3,3,complete,0,0.0,28,13,46.428571,2746,0
S056,U020,P2,T17,3,3,complete,2,66.666667,141,91,64.539007,14374,0
S056,U020,P2,T26,3,3,complete,3,100.0,196,89,45.408163,21193,0
S056,U020,P2,T33,3,3,complete,3,100.0,49,23,46.938776,5343,0
S056,U020,P2,T42,3,2,partial,,,265,135,50.943396,32618,0
S056,U020,P2,T45,3,0,unscored,,,3,1,33.333333,339,0
S056,U020,P2,T47,3,0,unscored,,,0,0,,0,0
S056,U020,P2,T48,3,0,unscored,,,3,0,0.0,354,0
S056,U020,P2,T49,3,0,unscored,,,3,2,66.666667,361,0
S057,U001,P1,T12,3,0,unscored,,,4,0,0.0,245,0
S057,U001,P1,T15,3,0,unscored,,,4,0,0.0,249,0
S057,U001,P1,T18,3,0,unscored,,,8,6,75.0,433,0
S057,U001,P1,T20,3,0,unscored,,,4,3,75.0,258,0
S057,U001,P1,T24,3,0,unscored,,,4,0,0.0,245,0
S057,U001,P1,T27,3,0,unscored,,,2,0,0.0,129,0
S057,U001,P1,T28,3,0,unscored,,,2,0,0.0,147,0
S057,U001,P1,T30,3,0,unscored,,,2,0,0.0,146,0
S057,U001,P1,T37,3,0,unscored,,,1,0,0.0,50,0
S057,U001,P1,T41,3,0,unscored,,,1,0,0.0,66,0
S058,U009,P2,T2,3,0,unscored,,,3,1,33.333333,315,0
S058,U009,P2,T5,3,0,unscored,,,2,0,0.0,189,0
S058,U009,P2,T17,3,0,unscored,,,3,0,0.0,251,0
S058,U009,P2,T26,3,0,unscored,,,3,0,0.0,303,0
S058,U009,P2,T33,3,0,unscored,,,3,0,0.0,384,0
S058,U009,P2,T42,3,0,unscored,,,3,0,0.0,385,0
S058,U009,P2,T45,3,0,unscored,,,3,0,0.0,235,0
S058,U009,P2,T47,3,0,unscored,,,3,0,0.0,304,0
S058,U009,P2,T48,3,0,unscored,,,3,0,0.0,260,0
S058,U009,P2,T49,3,0,unscored,,,4,0,0.0,401,0
S059,U007,P2,T2,3,1,partial,,,23,21,91.304348,6352,0
S059,U007,P2,T5,3,0,unscored,,,10,8,80.0,1971,0
S059,U007,P2,T17,3,0,unscored,,,7,4,57.142857,1718,0
S059,U007,P2,T26,3,0,unscored,,,8,4,50.0,2417,0
S059,U007,P2,T33,3,0,unscored,,,14,7,50.0,2711,0
S059,U007,P2,T42,3,0,unscored,,,9,5,55.555556,1512,0
S059,U007,P2,T45,3,0,unscored,,,14,8,57.142857,2815,0
S059,U007,P2,T47,3,0,unscored,,,12,9,75.0,2618,0
S059,U007,P2,T48,3,0,unscored,,,9,3,33.333333,2649,0
S059,U007,P2,T49,3,0,unscored,,,12,5,41.666667,2530,0
S060,U004,P1,T12,3,3,complete,3,100.0,558,158,28.315412,42440,0
S060,U004,P1,T15,3,3,complete,3,100.0,459,219,47.712418,29133,0
S060,U004,P1,T18,3,3,complete,3,100.0,393,208,52.926209,26179,0
S060,U004,P1,T20,3,1,partial,,,157,48,30.573248,11100,0
S060,U004,P1,T24,3,0,unscored,,,3,1,33.333333,217,0
S060,U004,P1,T27,3,0,unscored,,,0,0,,0,0
S060,U004,P1,T28,3,0,unscored,,,0,0,,0,0
S060,U004,P1,T30,3,0,unscored,,,0,0,,0,0
S060,U004,P1,T37,3,0,unscored,,,0,0,,0,0
S060,U004,P1,T41,3,0,unscored,,,0,0,,0,0
